"location","excess_deaths","Week.Ending.Date"
"Alabama",0,"2020-01-04"
"Alabama",0,"2020-01-11"
"Alabama",0,"2020-01-18"
"Alabama",0,"2020-01-25"
"Alabama",1,"2020-02-01"
"Alabama",0,"2020-02-08"
"Alabama",6,"2020-02-15"
"Alabama",0,"2020-02-22"
"Alabama",3,"2020-02-29"
"Alabama",9,"2020-03-07"
"Alabama",4,"2020-03-14"
"Alabama",3,"2020-03-21"
"Alabama",4,"2020-03-28"
"Alabama",4,"2020-04-04"
"Alabama",0,"2020-04-11"
"Alabama",0,"2020-04-18"
"Alabama",7,"2020-04-25"
"Alabama",8,"2020-05-02"
"Alabama",0,"2020-05-09"
"Alabama",0,"2020-05-16"
"Alabama",0,"2020-05-23"
"Alabama",5,"2020-05-30"
"Alabama",3,"2020-06-06"
"Alabama",0,"2020-06-13"
"Alabama",0,"2020-06-20"
"Alabama",0,"2020-06-27"
"Alabama",0,"2020-07-04"
"Alabama",0,"2020-07-11"
"Alabama",5,"2020-07-18"
"Alabama",0,"2020-07-25"
"Alabama",7,"2020-08-01"
"Alabama",4,"2020-08-08"
"Alabama",5,"2020-08-15"
"Alabama",1,"2020-08-22"
"Alabama",0,"2020-08-29"
"Alabama",0,"2020-09-05"
"Alabama",0,"2020-09-12"
"Alabama",2,"2020-09-19"
"Alabama",0,"2020-09-26"
"Alabama",7,"2020-10-03"
"Alabama",0,"2020-10-10"
"Arizona",0,"2020-01-04"
"Arizona",0,"2020-01-11"
"Arizona",0,"2020-01-18"
"Arizona",2,"2020-01-25"
"Arizona",5,"2020-02-01"
"Arizona",2,"2020-02-08"
"Arizona",5,"2020-02-15"
"Arizona",1,"2020-02-22"
"Arizona",5,"2020-02-29"
"Arizona",0,"2020-03-07"
"Arizona",7,"2020-03-14"
"Arizona",13,"2020-03-21"
"Arizona",13,"2020-03-28"
"Arizona",5,"2020-04-04"
"Arizona",8,"2020-04-11"
"Arizona",3,"2020-04-18"
"Arizona",0,"2020-04-25"
"Arizona",8,"2020-05-02"
"Arizona",3,"2020-05-09"
"Arizona",1,"2020-05-16"
"Arizona",1,"2020-05-23"
"Arizona",4,"2020-05-30"
"Arizona",3,"2020-06-06"
"Arizona",2,"2020-06-13"
"Arizona",0,"2020-06-20"
"Arizona",5,"2020-06-27"
"Arizona",11,"2020-07-04"
"Arizona",24,"2020-07-11"
"Arizona",12,"2020-07-18"
"Arizona",3,"2020-07-25"
"Arizona",18,"2020-08-01"
"Arizona",5,"2020-08-08"
"Arizona",8,"2020-08-15"
"Arizona",1,"2020-08-22"
"Arizona",0,"2020-08-29"
"Arizona",0,"2020-09-05"
"Arizona",1,"2020-09-12"
"Arizona",2,"2020-09-19"
"Arizona",0,"2020-09-26"
"Arizona",6,"2020-10-03"
"Arkansas",0,"2020-01-04"
"Arkansas",0,"2020-01-11"
"Arkansas",3,"2020-01-18"
"Arkansas",0,"2020-01-25"
"Arkansas",0,"2020-02-01"
"Arkansas",0,"2020-02-08"
"Arkansas",0,"2020-02-15"
"Arkansas",0,"2020-02-22"
"Arkansas",7,"2020-03-07"
"Arkansas",0,"2020-03-14"
"Arkansas",4,"2020-03-21"
"Arkansas",0,"2020-03-28"
"Arkansas",2,"2020-04-04"
"Arkansas",5,"2020-04-11"
"Arkansas",2,"2020-04-25"
"Arkansas",1,"2020-05-16"
"Arkansas",0,"2020-06-13"
"Arkansas",1,"2020-06-27"
"Arkansas",1,"2020-07-18"
"Arkansas",0,"2020-08-01"
"Arkansas",1,"2020-08-08"
"Arkansas",0,"2020-08-15"
"Arkansas",0,"2020-08-22"
"Arkansas",0,"2020-09-19"
"Arkansas",3,"2020-09-26"
"California",0,"2020-01-04"
"California",0,"2020-01-11"
"California",0,"2020-01-18"
"California",0,"2020-01-25"
"California",0,"2020-02-01"
"California",6,"2020-02-08"
"California",24,"2020-02-15"
"California",16,"2020-02-22"
"California",13,"2020-02-29"
"California",32,"2020-03-07"
"California",20,"2020-03-14"
"California",48,"2020-03-21"
"California",42,"2020-03-28"
"California",25,"2020-04-04"
"California",8,"2020-04-11"
"California",11,"2020-04-18"
"California",11,"2020-04-25"
"California",0,"2020-05-02"
"California",0,"2020-05-09"
"California",0,"2020-05-16"
"California",0,"2020-05-23"
"California",0,"2020-05-30"
"California",0,"2020-06-06"
"California",0,"2020-06-13"
"California",0,"2020-06-20"
"California",0,"2020-06-27"
"California",0,"2020-07-04"
"California",16,"2020-07-11"
"California",10,"2020-07-18"
"California",9,"2020-07-25"
"California",10,"2020-08-01"
"California",0,"2020-08-08"
"California",26,"2020-08-15"
"California",6,"2020-08-22"
"California",0,"2020-08-29"
"California",1,"2020-09-05"
"California",11,"2020-09-12"
"California",0,"2020-09-19"
"California",3,"2020-09-26"
"California",0,"2020-10-03"
"California",0,"2020-10-10"
"Colorado",0,"2020-01-11"
"Colorado",0,"2020-01-18"
"Colorado",5,"2020-01-25"
"Colorado",0,"2020-02-01"
"Colorado",0,"2020-02-08"
"Colorado",0,"2020-02-15"
"Colorado",1,"2020-02-29"
"Colorado",0,"2020-03-07"
"Colorado",0,"2020-03-14"
"Colorado",7,"2020-03-21"
"Colorado",4,"2020-03-28"
"Colorado",0,"2020-04-04"
"Colorado",0,"2020-04-11"
"Colorado",0,"2020-04-25"
"Connecticut",0,"2020-01-11"
"Connecticut",0,"2020-01-18"
"Connecticut",0,"2020-01-25"
"Connecticut",0,"2020-02-01"
"Connecticut",0,"2020-02-08"
"Connecticut",0,"2020-02-15"
"Connecticut",0,"2020-02-22"
"Connecticut",8,"2020-02-29"
"Connecticut",0,"2020-03-14"
"Connecticut",0,"2020-03-21"
"Connecticut",0,"2020-03-28"
"Connecticut",6,"2020-04-04"
"Connecticut",1,"2020-04-11"
"Connecticut",0,"2020-04-18"
"Connecticut",0,"2020-04-25"
"Connecticut",0,"2020-05-02"
"Connecticut",0,"2020-09-05"
"Connecticut",2,"2020-09-12"
"Florida",7,"2020-01-04"
"Florida",7,"2020-01-11"
"Florida",0,"2020-01-18"
"Florida",8,"2020-01-25"
"Florida",0,"2020-02-01"
"Florida",0,"2020-02-08"
"Florida",2,"2020-02-15"
"Florida",3,"2020-02-22"
"Florida",14,"2020-02-29"
"Florida",23,"2020-03-07"
"Florida",14,"2020-03-14"
"Florida",26,"2020-03-21"
"Florida",25,"2020-03-28"
"Florida",31,"2020-04-04"
"Florida",10,"2020-04-11"
"Florida",6,"2020-04-18"
"Florida",4,"2020-04-25"
"Florida",0,"2020-05-02"
"Florida",14,"2020-05-09"
"Florida",10,"2020-05-16"
"Florida",6,"2020-05-23"
"Florida",0,"2020-05-30"
"Florida",2,"2020-06-06"
"Florida",0,"2020-06-13"
"Florida",3,"2020-06-20"
"Florida",0,"2020-06-27"
"Florida",12,"2020-07-04"
"Florida",9,"2020-07-11"
"Florida",23,"2020-07-18"
"Florida",23,"2020-07-25"
"Florida",15,"2020-08-01"
"Florida",0,"2020-08-08"
"Florida",15,"2020-08-15"
"Florida",20,"2020-08-22"
"Florida",6,"2020-08-29"
"Florida",3,"2020-09-05"
"Florida",17,"2020-09-12"
"Florida",8,"2020-09-19"
"Florida",0,"2020-09-26"
"Florida",3,"2020-10-03"
"Florida",10,"2020-10-10"
"Georgia",12,"2020-01-04"
"Georgia",1,"2020-01-11"
"Georgia",0,"2020-01-18"
"Georgia",12,"2020-01-25"
"Georgia",0,"2020-02-01"
"Georgia",7,"2020-02-08"
"Georgia",0,"2020-02-15"
"Georgia",9,"2020-02-22"
"Georgia",0,"2020-02-29"
"Georgia",0,"2020-03-07"
"Georgia",5,"2020-03-14"
"Georgia",8,"2020-03-21"
"Georgia",5,"2020-03-28"
"Georgia",9,"2020-04-04"
"Georgia",11,"2020-04-11"
"Georgia",10,"2020-04-18"
"Georgia",0,"2020-04-25"
"Georgia",1,"2020-05-02"
"Georgia",15,"2020-05-09"
"Georgia",3,"2020-05-16"
"Georgia",0,"2020-05-23"
"Georgia",0,"2020-05-30"
"Georgia",1,"2020-06-06"
"Georgia",12,"2020-06-13"
"Georgia",7,"2020-06-20"
"Georgia",0,"2020-06-27"
"Georgia",0,"2020-07-04"
"Georgia",0,"2020-07-11"
"Georgia",5,"2020-07-18"
"Georgia",9,"2020-07-25"
"Georgia",8,"2020-08-01"
"Georgia",15,"2020-08-08"
"Georgia",8,"2020-08-15"
"Georgia",4,"2020-08-22"
"Georgia",12,"2020-08-29"
"Georgia",10,"2020-09-05"
"Georgia",7,"2020-09-12"
"Georgia",1,"2020-09-19"
"Georgia",6,"2020-09-26"
"Georgia",7,"2020-10-03"
"Georgia",0,"2020-10-10"
"Hawaii",0,"2020-01-04"
"Hawaii",0,"2020-02-15"
"Hawaii",0,"2020-03-28"
"Idaho",0,"2020-04-04"
"Illinois",0,"2020-01-04"
"Illinois",0,"2020-01-11"
"Illinois",0,"2020-01-18"
"Illinois",0,"2020-01-25"
"Illinois",11,"2020-02-01"
"Illinois",0,"2020-02-08"
"Illinois",0,"2020-02-15"
"Illinois",1,"2020-02-22"
"Illinois",4,"2020-02-29"
"Illinois",38,"2020-03-07"
"Illinois",31,"2020-03-14"
"Illinois",26,"2020-03-21"
"Illinois",34,"2020-03-28"
"Illinois",28,"2020-04-04"
"Illinois",13,"2020-04-11"
"Illinois",29,"2020-04-18"
"Illinois",13,"2020-04-25"
"Illinois",13,"2020-05-02"
"Illinois",15,"2020-05-09"
"Illinois",0,"2020-05-16"
"Illinois",14,"2020-05-23"
"Illinois",0,"2020-05-30"
"Illinois",0,"2020-06-06"
"Illinois",0,"2020-06-13"
"Illinois",0,"2020-06-20"
"Illinois",0,"2020-06-27"
"Illinois",1,"2020-07-04"
"Illinois",6,"2020-07-11"
"Illinois",0,"2020-07-18"
"Illinois",0,"2020-07-25"
"Illinois",0,"2020-08-01"
"Illinois",4,"2020-08-08"
"Illinois",1,"2020-08-15"
"Illinois",0,"2020-08-22"
"Illinois",0,"2020-08-29"
"Illinois",0,"2020-09-05"
"Illinois",0,"2020-09-12"
"Illinois",3,"2020-09-19"
"Illinois",6,"2020-09-26"
"Illinois",4,"2020-10-03"
"Illinois",4,"2020-10-10"
"Indiana",0,"2020-01-04"
"Indiana",0,"2020-01-11"
"Indiana",0,"2020-01-18"
"Indiana",0,"2020-01-25"
"Indiana",0,"2020-02-01"
"Indiana",0,"2020-02-08"
"Indiana",0,"2020-02-15"
"Indiana",0,"2020-02-22"
"Indiana",10,"2020-02-29"
"Indiana",2,"2020-03-07"
"Indiana",8,"2020-03-14"
"Indiana",1,"2020-03-21"
"Indiana",6,"2020-03-28"
"Indiana",13,"2020-04-04"
"Indiana",9,"2020-04-11"
"Indiana",0,"2020-04-18"
"Indiana",10,"2020-04-25"
"Indiana",5,"2020-05-02"
"Indiana",0,"2020-05-09"
"Indiana",0,"2020-05-16"
"Indiana",0,"2020-05-23"
"Indiana",0,"2020-06-20"
"Indiana",2,"2020-06-27"
"Indiana",0,"2020-07-04"
"Indiana",0,"2020-07-11"
"Indiana",0,"2020-07-25"
"Indiana",2,"2020-08-01"
"Indiana",0,"2020-08-08"
"Indiana",0,"2020-08-22"
"Indiana",0,"2020-09-05"
"Indiana",0,"2020-09-12"
"Indiana",0,"2020-09-19"
"Indiana",0,"2020-10-03"
"Indiana",1,"2020-10-10"
"Iowa",0,"2020-01-04"
"Iowa",0,"2020-01-11"
"Iowa",0,"2020-01-18"
"Iowa",0,"2020-01-25"
"Iowa",0,"2020-02-01"
"Iowa",0,"2020-02-08"
"Iowa",0,"2020-02-15"
"Iowa",0,"2020-02-22"
"Iowa",0,"2020-02-29"
"Iowa",5,"2020-03-07"
"Iowa",8,"2020-03-14"
"Iowa",6,"2020-03-21"
"Iowa",5,"2020-03-28"
"Iowa",3,"2020-04-04"
"Iowa",0,"2020-04-18"
"Iowa",0,"2020-04-25"
"Iowa",0,"2020-07-25"
"Kansas",2,"2020-01-04"
"Kansas",0,"2020-01-11"
"Kansas",0,"2020-01-18"
"Kansas",0,"2020-01-25"
"Kansas",0,"2020-02-01"
"Kansas",0,"2020-02-08"
"Kansas",0,"2020-02-15"
"Kansas",0,"2020-02-22"
"Kansas",2,"2020-02-29"
"Kansas",12,"2020-03-07"
"Kansas",4,"2020-03-14"
"Kansas",5,"2020-03-21"
"Kansas",0,"2020-03-28"
"Kansas",1,"2020-04-11"
"Kansas",0,"2020-05-09"
"Kentucky",0,"2020-01-04"
"Kentucky",0,"2020-01-11"
"Kentucky",8,"2020-01-18"
"Kentucky",1,"2020-01-25"
"Kentucky",0,"2020-02-01"
"Kentucky",3,"2020-02-08"
"Kentucky",0,"2020-02-15"
"Kentucky",0,"2020-02-22"
"Kentucky",0,"2020-02-29"
"Kentucky",0,"2020-03-07"
"Kentucky",0,"2020-03-14"
"Kentucky",8,"2020-03-21"
"Kentucky",4,"2020-03-28"
"Kentucky",0,"2020-04-04"
"Kentucky",5,"2020-04-11"
"Kentucky",0,"2020-04-18"
"Kentucky",1,"2020-04-25"
"Kentucky",0,"2020-05-09"
"Kentucky",0,"2020-05-16"
"Kentucky",0,"2020-05-23"
"Kentucky",1,"2020-05-30"
"Kentucky",0,"2020-06-06"
"Kentucky",0,"2020-06-13"
"Kentucky",0,"2020-06-20"
"Kentucky",4,"2020-06-27"
"Kentucky",0,"2020-07-04"
"Kentucky",0,"2020-07-11"
"Kentucky",0,"2020-07-25"
"Kentucky",0,"2020-08-01"
"Kentucky",2,"2020-08-08"
"Kentucky",1,"2020-08-22"
"Kentucky",0,"2020-09-05"
"Kentucky",9,"2020-09-12"
"Kentucky",5,"2020-09-26"
"Louisiana",0,"2020-01-04"
"Louisiana",5,"2020-01-11"
"Louisiana",0,"2020-01-18"
"Louisiana",0,"2020-01-25"
"Louisiana",0,"2020-02-01"
"Louisiana",0,"2020-02-08"
"Louisiana",1,"2020-02-15"
"Louisiana",3,"2020-02-22"
"Louisiana",8,"2020-02-29"
"Louisiana",2,"2020-03-07"
"Louisiana",3,"2020-03-14"
"Louisiana",6,"2020-03-21"
"Louisiana",5,"2020-03-28"
"Louisiana",8,"2020-04-04"
"Louisiana",11,"2020-04-11"
"Louisiana",4,"2020-04-18"
"Louisiana",3,"2020-04-25"
"Louisiana",5,"2020-05-02"
"Louisiana",0,"2020-05-09"
"Louisiana",0,"2020-05-16"
"Louisiana",0,"2020-06-06"
"Louisiana",0,"2020-07-04"
"Louisiana",0,"2020-07-11"
"Louisiana",0,"2020-07-18"
"Louisiana",1,"2020-07-25"
"Louisiana",1,"2020-08-01"
"Louisiana",2,"2020-08-08"
"Louisiana",8,"2020-08-15"
"Louisiana",0,"2020-09-05"
"Louisiana",2,"2020-09-19"
"Maine",0,"2020-02-08"
"Maine",5,"2020-03-14"
"Maine",0,"2020-04-04"
"Maryland",0,"2020-01-04"
"Maryland",0,"2020-01-11"
"Maryland",0,"2020-01-18"
"Maryland",0,"2020-01-25"
"Maryland",0,"2020-02-01"
"Maryland",0,"2020-02-08"
"Maryland",0,"2020-02-15"
"Maryland",0,"2020-02-22"
"Maryland",0,"2020-02-29"
"Maryland",4,"2020-03-07"
"Maryland",6,"2020-03-14"
"Maryland",4,"2020-03-21"
"Maryland",14,"2020-03-28"
"Maryland",12,"2020-04-04"
"Maryland",4,"2020-04-11"
"Maryland",8,"2020-04-18"
"Maryland",5,"2020-04-25"
"Maryland",4,"2020-05-02"
"Maryland",3,"2020-05-16"
"Maryland",1,"2020-05-23"
"Maryland",0,"2020-05-30"
"Maryland",0,"2020-06-06"
"Maryland",0,"2020-06-13"
"Maryland",0,"2020-06-20"
"Maryland",0,"2020-06-27"
"Maryland",0,"2020-07-11"
"Maryland",0,"2020-07-18"
"Maryland",0,"2020-08-01"
"Maryland",0,"2020-08-15"
"Maryland",2,"2020-08-29"
"Maryland",0,"2020-09-05"
"Maryland",0,"2020-09-26"
"Maryland",1,"2020-10-10"
"Massachusetts",0,"2020-01-04"
"Massachusetts",0,"2020-01-11"
"Massachusetts",0,"2020-01-18"
"Massachusetts",6,"2020-01-25"
"Massachusetts",0,"2020-02-01"
"Massachusetts",0,"2020-02-08"
"Massachusetts",0,"2020-02-15"
"Massachusetts",0,"2020-02-22"
"Massachusetts",0,"2020-02-29"
"Massachusetts",0,"2020-03-07"
"Massachusetts",10,"2020-03-14"
"Massachusetts",10,"2020-03-21"
"Massachusetts",9,"2020-03-28"
"Massachusetts",19,"2020-04-04"
"Massachusetts",26,"2020-04-11"
"Massachusetts",22,"2020-04-18"
"Massachusetts",7,"2020-04-25"
"Massachusetts",5,"2020-05-02"
"Massachusetts",3,"2020-05-09"
"Massachusetts",15,"2020-05-16"
"Massachusetts",1,"2020-05-23"
"Massachusetts",0,"2020-05-30"
"Massachusetts",0,"2020-06-06"
"Massachusetts",7,"2020-06-13"
"Massachusetts",0,"2020-06-20"
"Massachusetts",0,"2020-06-27"
"Massachusetts",0,"2020-07-04"
"Massachusetts",0,"2020-07-18"
"Massachusetts",0,"2020-08-15"
"Massachusetts",0,"2020-09-12"
"Massachusetts",0,"2020-09-19"
"Massachusetts",0,"2020-09-26"
"Massachusetts",4,"2020-10-03"
"Massachusetts",0,"2020-10-10"
"Michigan",0,"2020-01-04"
"Michigan",0,"2020-01-11"
"Michigan",0,"2020-01-18"
"Michigan",0,"2020-01-25"
"Michigan",3,"2020-02-01"
"Michigan",11,"2020-02-08"
"Michigan",10,"2020-02-15"
"Michigan",15,"2020-02-22"
"Michigan",0,"2020-02-29"
"Michigan",5,"2020-03-07"
"Michigan",13,"2020-03-14"
"Michigan",18,"2020-03-21"
"Michigan",25,"2020-03-28"
"Michigan",55,"2020-04-04"
"Michigan",22,"2020-04-11"
"Michigan",10,"2020-04-18"
"Michigan",18,"2020-04-25"
"Michigan",1,"2020-05-02"
"Michigan",7,"2020-05-09"
"Michigan",3,"2020-05-16"
"Michigan",0,"2020-05-23"
"Michigan",0,"2020-05-30"
"Michigan",0,"2020-06-06"
"Michigan",0,"2020-06-13"
"Michigan",0,"2020-06-20"
"Michigan",2,"2020-06-27"
"Michigan",0,"2020-07-04"
"Michigan",0,"2020-07-11"
"Michigan",0,"2020-07-18"
"Michigan",1,"2020-07-25"
"Michigan",0,"2020-08-01"
"Michigan",0,"2020-08-08"
"Michigan",5,"2020-08-15"
"Michigan",1,"2020-08-22"
"Michigan",0,"2020-08-29"
"Michigan",0,"2020-09-05"
"Michigan",1,"2020-09-12"
"Michigan",0,"2020-09-19"
"Michigan",0,"2020-09-26"
"Michigan",10,"2020-10-03"
"Michigan",5,"2020-10-10"
"Minnesota",0,"2020-01-04"
"Minnesota",0,"2020-01-11"
"Minnesota",0,"2020-01-25"
"Minnesota",0,"2020-02-01"
"Minnesota",1,"2020-02-08"
"Minnesota",0,"2020-02-15"
"Minnesota",1,"2020-02-22"
"Minnesota",8,"2020-02-29"
"Minnesota",12,"2020-03-07"
"Minnesota",2,"2020-03-14"
"Minnesota",9,"2020-03-21"
"Minnesota",0,"2020-03-28"
"Minnesota",0,"2020-04-04"
"Minnesota",4,"2020-04-11"
"Minnesota",2,"2020-05-02"
"Minnesota",0,"2020-06-13"
"Mississippi",0,"2020-01-04"
"Mississippi",0,"2020-01-11"
"Mississippi",0,"2020-01-18"
"Mississippi",0,"2020-01-25"
"Mississippi",0,"2020-02-01"
"Mississippi",1,"2020-02-08"
"Mississippi",0,"2020-02-15"
"Mississippi",0,"2020-02-22"
"Mississippi",7,"2020-02-29"
"Mississippi",5,"2020-03-07"
"Mississippi",5,"2020-03-14"
"Mississippi",0,"2020-03-21"
"Mississippi",10,"2020-03-28"
"Mississippi",8,"2020-04-04"
"Mississippi",9,"2020-04-11"
"Mississippi",4,"2020-04-18"
"Mississippi",3,"2020-04-25"
"Mississippi",1,"2020-05-02"
"Mississippi",1,"2020-05-09"
"Mississippi",8,"2020-05-16"
"Mississippi",0,"2020-05-23"
"Mississippi",0,"2020-05-30"
"Mississippi",0,"2020-06-20"
"Mississippi",3,"2020-06-27"
"Mississippi",0,"2020-07-04"
"Mississippi",0,"2020-07-11"
"Mississippi",0,"2020-07-18"
"Mississippi",0,"2020-07-25"
"Mississippi",4,"2020-08-01"
"Mississippi",6,"2020-08-08"
"Mississippi",0,"2020-08-15"
"Mississippi",5,"2020-08-22"
"Mississippi",1,"2020-08-29"
"Mississippi",6,"2020-09-05"
"Mississippi",1,"2020-09-19"
"Mississippi",3,"2020-10-03"
"Mississippi",2,"2020-10-10"
"Missouri",0,"2020-01-04"
"Missouri",0,"2020-01-11"
"Missouri",0,"2020-01-18"
"Missouri",0,"2020-01-25"
"Missouri",0,"2020-02-01"
"Missouri",0,"2020-02-08"
"Missouri",0,"2020-02-15"
"Missouri",2,"2020-02-22"
"Missouri",7,"2020-02-29"
"Missouri",4,"2020-03-07"
"Missouri",9,"2020-03-14"
"Missouri",15,"2020-03-21"
"Missouri",8,"2020-03-28"
"Missouri",0,"2020-04-04"
"Missouri",0,"2020-04-11"
"Missouri",0,"2020-04-18"
"Missouri",7,"2020-04-25"
"Missouri",0,"2020-05-02"
"Missouri",0,"2020-05-09"
"Missouri",4,"2020-05-16"
"Missouri",0,"2020-05-23"
"Missouri",0,"2020-05-30"
"Missouri",0,"2020-06-06"
"Missouri",0,"2020-06-13"
"Missouri",2,"2020-06-20"
"Missouri",0,"2020-06-27"
"Missouri",0,"2020-07-11"
"Missouri",0,"2020-07-18"
"Missouri",0,"2020-07-25"
"Missouri",0,"2020-08-01"
"Missouri",0,"2020-08-08"
"Missouri",11,"2020-08-15"
"Missouri",3,"2020-08-22"
"Missouri",2,"2020-08-29"
"Missouri",3,"2020-09-05"
"Missouri",2,"2020-09-12"
"Missouri",2,"2020-09-19"
"Missouri",4,"2020-09-26"
"Missouri",0,"2020-10-03"
"Montana",0,"2020-03-21"
"Nebraska",1,"2020-01-11"
"Nebraska",0,"2020-01-18"
"Nebraska",0,"2020-02-01"
"Nebraska",0,"2020-04-04"
"Nevada",0,"2020-01-04"
"Nevada",0,"2020-01-11"
"Nevada",0,"2020-01-18"
"Nevada",0,"2020-01-25"
"Nevada",0,"2020-02-01"
"Nevada",0,"2020-02-08"
"Nevada",1,"2020-02-15"
"Nevada",0,"2020-02-29"
"Nevada",2,"2020-03-14"
"Nevada",4,"2020-03-21"
"Nevada",2,"2020-03-28"
"Nevada",1,"2020-04-04"
"Nevada",0,"2020-05-02"
"Nevada",0,"2020-05-30"
"Nevada",0,"2020-07-25"
"Nevada",0,"2020-08-01"
"Nevada",0,"2020-09-12"
"New Hampshire",0,"2020-03-14"
"New Hampshire",0,"2020-03-21"
"New Jersey",0,"2020-01-04"
"New Jersey",1,"2020-01-11"
"New Jersey",0,"2020-01-18"
"New Jersey",0,"2020-01-25"
"New Jersey",0,"2020-02-01"
"New Jersey",0,"2020-02-08"
"New Jersey",0,"2020-02-15"
"New Jersey",0,"2020-02-22"
"New Jersey",4,"2020-02-29"
"New Jersey",5,"2020-03-07"
"New Jersey",6,"2020-03-14"
"New Jersey",12,"2020-03-21"
"New Jersey",61,"2020-03-28"
"New Jersey",81,"2020-04-04"
"New Jersey",96,"2020-04-11"
"New Jersey",58,"2020-04-18"
"New Jersey",54,"2020-04-25"
"New Jersey",35,"2020-05-02"
"New Jersey",18,"2020-05-09"
"New Jersey",13,"2020-05-16"
"New Jersey",10,"2020-05-23"
"New Jersey",9,"2020-05-30"
"New Jersey",2,"2020-06-06"
"New Jersey",0,"2020-06-13"
"New Jersey",1,"2020-06-20"
"New Jersey",1,"2020-06-27"
"New Jersey",0,"2020-07-04"
"New Jersey",0,"2020-07-11"
"New Jersey",7,"2020-07-18"
"New Jersey",1,"2020-07-25"
"New Jersey",0,"2020-08-01"
"New Jersey",8,"2020-08-08"
"New Jersey",3,"2020-08-15"
"New Jersey",0,"2020-08-22"
"New Jersey",0,"2020-08-29"
"New Jersey",2,"2020-09-05"
"New Jersey",1,"2020-09-12"
"New Jersey",2,"2020-09-19"
"New Jersey",0,"2020-09-26"
"New Jersey",2,"2020-10-03"
"New Jersey",10,"2020-10-10"
"New Mexico",2,"2020-01-04"
"New Mexico",0,"2020-01-11"
"New Mexico",0,"2020-01-18"
"New Mexico",4,"2020-01-25"
"New Mexico",0,"2020-02-01"
"New Mexico",5,"2020-02-15"
"New Mexico",1,"2020-03-21"
"New York",14,"2020-01-04"
"New York",0,"2020-01-11"
"New York",0,"2020-01-18"
"New York",0,"2020-01-25"
"New York",0,"2020-02-01"
"New York",0,"2020-02-08"
"New York",0,"2020-02-15"
"New York",0,"2020-02-22"
"New York",0,"2020-02-29"
"New York",9,"2020-03-07"
"New York",4,"2020-03-14"
"New York",21,"2020-03-21"
"New York",40,"2020-03-28"
"New York",83,"2020-04-04"
"New York",57,"2020-04-11"
"New York",57,"2020-04-18"
"New York",26,"2020-04-25"
"New York",13,"2020-05-02"
"New York",0,"2020-05-09"
"New York",0,"2020-05-16"
"New York",9,"2020-05-23"
"New York",0,"2020-05-30"
"New York",0,"2020-06-06"
"New York",0,"2020-06-13"
"New York",0,"2020-06-20"
"New York",2,"2020-06-27"
"New York",0,"2020-07-04"
"New York",0,"2020-07-11"
"New York",0,"2020-07-18"
"New York",0,"2020-07-25"
"New York",0,"2020-08-01"
"New York",0,"2020-08-08"
"New York",0,"2020-08-15"
"New York",0,"2020-08-22"
"New York",0,"2020-08-29"
"New York",0,"2020-09-05"
"New York",0,"2020-09-12"
"New York",0,"2020-09-19"
"New York",0,"2020-09-26"
"New York",3,"2020-10-03"
"New York",0,"2020-10-10"
"New York City",6,"2020-01-04"
"New York City",0,"2020-01-11"
"New York City",1,"2020-01-18"
"New York City",0,"2020-01-25"
"New York City",0,"2020-02-01"
"New York City",4,"2020-02-08"
"New York City",0,"2020-02-15"
"New York City",0,"2020-02-22"
"New York City",0,"2020-02-29"
"New York City",0,"2020-03-07"
"New York City",3,"2020-03-14"
"New York City",22,"2020-03-21"
"New York City",82,"2020-03-28"
"New York City",177,"2020-04-04"
"New York City",129,"2020-04-11"
"New York City",16,"2020-04-18"
"New York City",13,"2020-04-25"
"New York City",13,"2020-05-02"
"New York City",3,"2020-05-09"
"New York City",1,"2020-05-16"
"New York City",0,"2020-05-23"
"New York City",0,"2020-05-30"
"New York City",0,"2020-06-06"
"New York City",0,"2020-06-13"
"New York City",0,"2020-06-20"
"New York City",0,"2020-06-27"
"New York City",0,"2020-07-04"
"New York City",0,"2020-07-11"
"New York City",0,"2020-07-18"
"New York City",0,"2020-07-25"
"New York City",0,"2020-08-01"
"New York City",0,"2020-08-08"
"New York City",0,"2020-08-15"
"New York City",0,"2020-08-22"
"New York City",0,"2020-08-29"
"New York City",2,"2020-09-05"
"New York City",0,"2020-09-12"
"New York City",0,"2020-09-19"
"New York City",2,"2020-09-26"
"New York City",0,"2020-10-03"
"New York City",0,"2020-10-10"
"North Carolina",0,"2020-01-04"
"North Carolina",0,"2020-01-11"
"North Carolina",0,"2020-01-18"
"North Carolina",0,"2020-01-25"
"North Carolina",0,"2020-02-01"
"North Carolina",0,"2020-02-08"
"North Carolina",11,"2020-02-15"
"North Carolina",3,"2020-02-22"
"North Carolina",1,"2020-02-29"
"North Carolina",0,"2020-03-07"
"North Carolina",0,"2020-03-14"
"North Carolina",2,"2020-03-21"
"North Carolina",14,"2020-03-28"
"North Carolina",11,"2020-04-04"
"North Carolina",8,"2020-04-11"
"North Carolina",0,"2020-04-18"
"North Carolina",1,"2020-04-25"
"North Carolina",0,"2020-05-02"
"North Carolina",0,"2020-05-09"
"North Carolina",0,"2020-05-16"
"North Carolina",6,"2020-05-23"
"North Carolina",6,"2020-05-30"
"North Carolina",0,"2020-06-06"
"North Carolina",0,"2020-06-13"
"North Carolina",0,"2020-06-20"
"North Carolina",0,"2020-06-27"
"North Carolina",0,"2020-07-04"
"North Carolina",3,"2020-07-11"
"North Carolina",0,"2020-07-18"
"North Carolina",0,"2020-07-25"
"North Carolina",0,"2020-08-01"
"North Carolina",4,"2020-08-08"
"North Carolina",1,"2020-08-15"
"North Dakota",0,"2020-03-21"
"Ohio",0,"2020-01-04"
"Ohio",0,"2020-01-11"
"Ohio",0,"2020-01-18"
"Ohio",0,"2020-01-25"
"Ohio",0,"2020-02-01"
"Ohio",0,"2020-02-08"
"Ohio",5,"2020-02-15"
"Ohio",0,"2020-02-22"
"Ohio",0,"2020-02-29"
"Ohio",0,"2020-03-07"
"Ohio",24,"2020-03-14"
"Ohio",5,"2020-03-21"
"Ohio",21,"2020-03-28"
"Ohio",0,"2020-04-04"
"Ohio",2,"2020-04-11"
"Ohio",0,"2020-04-18"
"Ohio",0,"2020-04-25"
"Ohio",0,"2020-05-02"
"Ohio",3,"2020-05-09"
"Ohio",7,"2020-05-16"
"Ohio",0,"2020-05-23"
"Ohio",0,"2020-05-30"
"Ohio",0,"2020-06-06"
"Ohio",0,"2020-06-13"
"Ohio",0,"2020-06-20"
"Ohio",0,"2020-06-27"
"Ohio",0,"2020-07-04"
"Ohio",0,"2020-07-11"
"Ohio",10,"2020-07-18"
"Ohio",0,"2020-07-25"
"Ohio",0,"2020-08-01"
"Ohio",7,"2020-08-08"
"Ohio",0,"2020-08-15"
"Ohio",1,"2020-08-22"
"Ohio",2,"2020-08-29"
"Ohio",0,"2020-09-05"
"Ohio",2,"2020-09-12"
"Ohio",0,"2020-09-19"
"Ohio",1,"2020-09-26"
"Ohio",0,"2020-10-03"
"Ohio",0,"2020-10-10"
"Oklahoma",2,"2020-01-04"
"Oklahoma",0,"2020-01-11"
"Oklahoma",0,"2020-01-18"
"Oklahoma",0,"2020-01-25"
"Oklahoma",0,"2020-02-01"
"Oklahoma",0,"2020-02-08"
"Oklahoma",0,"2020-02-15"
"Oklahoma",0,"2020-02-22"
"Oklahoma",5,"2020-02-29"
"Oklahoma",3,"2020-03-07"
"Oklahoma",3,"2020-03-14"
"Oklahoma",9,"2020-03-21"
"Oklahoma",8,"2020-03-28"
"Oklahoma",14,"2020-04-04"
"Oklahoma",2,"2020-04-11"
"Oklahoma",3,"2020-04-18"
"Oklahoma",0,"2020-04-25"
"Oklahoma",0,"2020-05-02"
"Oklahoma",0,"2020-05-16"
"Oklahoma",0,"2020-06-06"
"Oklahoma",0,"2020-08-22"
"Oklahoma",1,"2020-10-10"
"Oregon",0,"2020-01-04"
"Oregon",0,"2020-01-11"
"Oregon",0,"2020-01-18"
"Oregon",0,"2020-01-25"
"Oregon",0,"2020-02-01"
"Oregon",0,"2020-02-08"
"Oregon",1,"2020-02-15"
"Oregon",0,"2020-02-22"
"Oregon",0,"2020-02-29"
"Oregon",1,"2020-03-07"
"Oregon",0,"2020-03-14"
"Oregon",4,"2020-03-21"
"Oregon",0,"2020-03-28"
"Oregon",0,"2020-04-04"
"Oregon",0,"2020-04-11"
"Pennsylvania",0,"2020-01-04"
"Pennsylvania",0,"2020-01-11"
"Pennsylvania",0,"2020-01-18"
"Pennsylvania",0,"2020-01-25"
"Pennsylvania",0,"2020-02-01"
"Pennsylvania",0,"2020-02-08"
"Pennsylvania",0,"2020-02-15"
"Pennsylvania",0,"2020-02-22"
"Pennsylvania",0,"2020-02-29"
"Pennsylvania",2,"2020-03-07"
"Pennsylvania",29,"2020-03-14"
"Pennsylvania",22,"2020-03-21"
"Pennsylvania",6,"2020-03-28"
"Pennsylvania",6,"2020-04-04"
"Pennsylvania",15,"2020-04-11"
"Pennsylvania",9,"2020-04-18"
"Pennsylvania",0,"2020-04-25"
"Pennsylvania",0,"2020-05-02"
"Pennsylvania",0,"2020-05-09"
"Pennsylvania",0,"2020-05-16"
"Pennsylvania",0,"2020-05-23"
"Pennsylvania",0,"2020-05-30"
"Pennsylvania",0,"2020-06-06"
"Pennsylvania",0,"2020-06-13"
"Pennsylvania",0,"2020-06-20"
"Pennsylvania",0,"2020-06-27"
"Pennsylvania",0,"2020-07-04"
"Pennsylvania",0,"2020-07-11"
"Pennsylvania",0,"2020-07-18"
"Pennsylvania",0,"2020-07-25"
"Pennsylvania",0,"2020-08-01"
"Pennsylvania",0,"2020-08-08"
"Pennsylvania",0,"2020-08-15"
"Pennsylvania",0,"2020-08-22"
"Pennsylvania",0,"2020-08-29"
"Pennsylvania",0,"2020-09-05"
"Pennsylvania",0,"2020-09-12"
"Pennsylvania",0,"2020-09-19"
"Pennsylvania",0,"2020-09-26"
"Pennsylvania",0,"2020-10-03"
"Pennsylvania",0,"2020-10-10"
"Puerto Rico",0,"2020-01-04"
"Puerto Rico",0,"2020-01-11"
"Puerto Rico",3,"2020-01-18"
"Puerto Rico",0,"2020-01-25"
"Puerto Rico",0,"2020-02-01"
"Puerto Rico",3,"2020-02-08"
"Puerto Rico",2,"2020-02-15"
"Puerto Rico",0,"2020-02-22"
"Puerto Rico",4,"2020-02-29"
"Puerto Rico",8,"2020-03-07"
"Puerto Rico",5,"2020-03-14"
"Puerto Rico",14,"2020-03-21"
"Puerto Rico",0,"2020-03-28"
"Puerto Rico",2,"2020-04-04"
"Puerto Rico",0,"2020-04-11"
"Puerto Rico",1,"2020-04-18"
"Puerto Rico",0,"2020-04-25"
"Puerto Rico",0,"2020-05-09"
"Puerto Rico",0,"2020-05-23"
"Puerto Rico",0,"2020-05-30"
"Puerto Rico",0,"2020-07-11"
"Puerto Rico",0,"2020-07-18"
"Puerto Rico",1,"2020-07-25"
"Puerto Rico",0,"2020-08-01"
"Puerto Rico",0,"2020-08-08"
"Puerto Rico",9,"2020-08-15"
"Puerto Rico",9,"2020-08-29"
"Puerto Rico",3,"2020-09-19"
"South Carolina",8,"2020-01-04"
"South Carolina",0,"2020-01-11"
"South Carolina",0,"2020-01-18"
"South Carolina",0,"2020-01-25"
"South Carolina",0,"2020-02-01"
"South Carolina",7,"2020-02-08"
"South Carolina",5,"2020-02-15"
"South Carolina",0,"2020-02-22"
"South Carolina",0,"2020-02-29"
"South Carolina",5,"2020-03-07"
"South Carolina",0,"2020-03-14"
"South Carolina",1,"2020-03-21"
"South Carolina",4,"2020-03-28"
"South Carolina",0,"2020-04-04"
"South Carolina",0,"2020-04-11"
"South Carolina",0,"2020-04-18"
"South Carolina",0,"2020-04-25"
"South Carolina",4,"2020-05-02"
"South Carolina",0,"2020-05-09"
"South Carolina",0,"2020-06-06"
"South Carolina",0,"2020-06-13"
"South Carolina",0,"2020-06-27"
"South Carolina",2,"2020-07-18"
"South Carolina",1,"2020-07-25"
"South Carolina",0,"2020-08-08"
"South Carolina",3,"2020-08-15"
"South Carolina",4,"2020-09-19"
"South Carolina",4,"2020-09-26"
"South Carolina",0,"2020-10-03"
"Tennessee",3,"2020-01-04"
"Tennessee",16,"2020-01-11"
"Tennessee",0,"2020-01-18"
"Tennessee",7,"2020-01-25"
"Tennessee",4,"2020-02-01"
"Tennessee",0,"2020-02-08"
"Tennessee",0,"2020-02-15"
"Tennessee",0,"2020-02-22"
"Tennessee",0,"2020-02-29"
"Tennessee",5,"2020-03-07"
"Tennessee",0,"2020-03-14"
"Tennessee",9,"2020-03-21"
"Tennessee",3,"2020-03-28"
"Tennessee",5,"2020-04-04"
"Tennessee",3,"2020-04-11"
"Tennessee",0,"2020-04-18"
"Tennessee",0,"2020-04-25"
"Tennessee",0,"2020-05-02"
"Tennessee",0,"2020-05-09"
"Tennessee",0,"2020-05-16"
"Tennessee",5,"2020-05-23"
"Tennessee",1,"2020-05-30"
"Tennessee",4,"2020-06-06"
"Tennessee",0,"2020-06-13"
"Tennessee",0,"2020-06-20"
"Tennessee",5,"2020-06-27"
"Tennessee",0,"2020-07-04"
"Tennessee",0,"2020-07-11"
"Tennessee",1,"2020-07-18"
"Tennessee",18,"2020-07-25"
"Tennessee",2,"2020-08-01"
"Tennessee",0,"2020-08-08"
"Tennessee",3,"2020-08-15"
"Tennessee",6,"2020-08-22"
"Tennessee",0,"2020-08-29"
"Tennessee",0,"2020-09-05"
"Tennessee",4,"2020-09-12"
"Tennessee",7,"2020-09-19"
"Tennessee",1,"2020-09-26"
"Tennessee",0,"2020-10-03"
"Tennessee",1,"2020-10-10"
"Texas",5,"2020-01-04"
"Texas",0,"2020-01-11"
"Texas",0,"2020-01-18"
"Texas",0,"2020-01-25"
"Texas",0,"2020-02-01"
"Texas",6,"2020-02-08"
"Texas",3,"2020-02-15"
"Texas",8,"2020-02-22"
"Texas",0,"2020-02-29"
"Texas",5,"2020-03-07"
"Texas",20,"2020-03-14"
"Texas",21,"2020-03-21"
"Texas",24,"2020-03-28"
"Texas",26,"2020-04-04"
"Texas",18,"2020-04-11"
"Texas",9,"2020-04-18"
"Texas",19,"2020-04-25"
"Texas",10,"2020-05-02"
"Texas",5,"2020-05-09"
"Texas",4,"2020-05-16"
"Texas",19,"2020-05-23"
"Texas",1,"2020-05-30"
"Texas",4,"2020-06-06"
"Texas",8,"2020-06-13"
"Texas",35,"2020-06-20"
"Texas",0,"2020-06-27"
"Texas",0,"2020-07-04"
"Texas",17,"2020-07-11"
"Texas",27,"2020-07-18"
"Texas",15,"2020-07-25"
"Texas",27,"2020-08-01"
"Texas",27,"2020-08-08"
"Texas",19,"2020-08-15"
"Texas",22,"2020-08-22"
"Texas",24,"2020-08-29"
"Texas",11,"2020-09-05"
"Texas",2,"2020-09-12"
"Texas",4,"2020-09-19"
"Texas",0,"2020-09-26"
"Texas",13,"2020-10-03"
"Texas",2,"2020-10-10"
"United States",0,"2020-01-04"
"United States",0,"2020-01-11"
"United States",0,"2020-01-18"
"United States",0,"2020-01-25"
"United States",0,"2020-02-01"
"United States",0,"2020-02-08"
"United States",0,"2020-02-15"
"United States",0,"2020-02-22"
"United States",0,"2020-02-29"
"United States",137,"2020-03-07"
"United States",241,"2020-03-14"
"United States",423,"2020-03-21"
"United States",514,"2020-03-28"
"United States",623,"2020-04-04"
"United States",467,"2020-04-11"
"United States",179,"2020-04-18"
"United States",144,"2020-04-25"
"United States",63,"2020-05-02"
"United States",0,"2020-05-09"
"United States",8,"2020-05-16"
"United States",0,"2020-05-23"
"United States",0,"2020-05-30"
"United States",0,"2020-06-06"
"United States",0,"2020-06-13"
"United States",0,"2020-06-20"
"United States",0,"2020-06-27"
"United States",0,"2020-07-04"
"United States",0,"2020-07-11"
"United States",51,"2020-07-18"
"United States",48,"2020-07-25"
"United States",38,"2020-08-01"
"United States",32,"2020-08-08"
"United States",52,"2020-08-15"
"United States",0,"2020-08-22"
"United States",0,"2020-08-29"
"United States",0,"2020-09-05"
"United States",0,"2020-09-12"
"United States",0,"2020-09-19"
"United States",0,"2020-09-26"
"United States",0,"2020-10-03"
"United States",0,"2020-10-10"
"Utah",7,"2020-01-25"
"Utah",0,"2020-02-08"
"Utah",0,"2020-02-29"
"Utah",0,"2020-03-14"
"Utah",1,"2020-03-21"
"Virginia",0,"2020-01-04"
"Virginia",0,"2020-01-11"
"Virginia",0,"2020-01-18"
"Virginia",3,"2020-01-25"
"Virginia",0,"2020-02-01"
"Virginia",0,"2020-02-08"
"Virginia",0,"2020-02-15"
"Virginia",0,"2020-02-22"
"Virginia",0,"2020-02-29"
"Virginia",0,"2020-03-07"
"Virginia",5,"2020-03-14"
"Virginia",0,"2020-03-21"
"Virginia",19,"2020-03-28"
"Virginia",16,"2020-04-04"
"Virginia",8,"2020-04-11"
"Virginia",9,"2020-04-18"
"Virginia",0,"2020-04-25"
"Virginia",0,"2020-05-02"
"Virginia",2,"2020-05-09"
"Virginia",0,"2020-05-16"
"Virginia",0,"2020-05-23"
"Virginia",0,"2020-05-30"
"Virginia",0,"2020-06-06"
"Virginia",2,"2020-06-13"
"Virginia",0,"2020-06-20"
"Virginia",0,"2020-06-27"
"Virginia",1,"2020-07-04"
"Virginia",0,"2020-07-11"
"Virginia",6,"2020-07-18"
"Virginia",0,"2020-07-25"
"Virginia",3,"2020-08-01"
"Virginia",0,"2020-08-08"
"Virginia",0,"2020-08-15"
"Virginia",3,"2020-08-29"
"Virginia",3,"2020-09-05"
"Virginia",0,"2020-09-12"
"Virginia",0,"2020-09-19"
"Virginia",0,"2020-09-26"
"Virginia",3,"2020-10-03"
"Virginia",0,"2020-10-10"
"Washington",0,"2020-01-04"
"Washington",0,"2020-01-11"
"Washington",0,"2020-01-18"
"Washington",0,"2020-01-25"
"Washington",0,"2020-02-01"
"Washington",0,"2020-02-08"
"Washington",4,"2020-02-15"
"Washington",0,"2020-02-22"
"Washington",0,"2020-02-29"
"Washington",4,"2020-03-07"
"Washington",1,"2020-03-14"
"Washington",17,"2020-03-21"
"Washington",1,"2020-03-28"
"Washington",0,"2020-04-04"
"Washington",0,"2020-04-11"
"Washington",1,"2020-04-18"
"Washington",0,"2020-04-25"
"Washington",0,"2020-05-02"
"Washington",0,"2020-05-09"
"Washington",0,"2020-05-16"
"Washington",0,"2020-06-27"
"Washington",0,"2020-08-01"
"Washington",0,"2020-09-05"
"Washington",2,"2020-10-03"
"Washington",0,"2020-10-10"
"West Virginia",0,"2020-01-04"
"West Virginia",0,"2020-01-18"
"West Virginia",0,"2020-01-25"
"West Virginia",0,"2020-02-08"
"West Virginia",1,"2020-02-15"
"West Virginia",0,"2020-02-22"
"West Virginia",2,"2020-03-07"
"West Virginia",0,"2020-03-14"
"West Virginia",0,"2020-03-21"
"West Virginia",2,"2020-03-28"
"West Virginia",8,"2020-04-04"
"West Virginia",0,"2020-04-11"
"West Virginia",0,"2020-05-16"
"West Virginia",0,"2020-07-18"
"West Virginia",5,"2020-07-25"
"Wisconsin",0,"2020-01-04"
"Wisconsin",0,"2020-01-11"
"Wisconsin",0,"2020-01-18"
"Wisconsin",0,"2020-01-25"
"Wisconsin",0,"2020-02-01"
"Wisconsin",0,"2020-02-08"
"Wisconsin",0,"2020-02-15"
"Wisconsin",0,"2020-02-22"
"Wisconsin",0,"2020-02-29"
"Wisconsin",7,"2020-03-07"
"Wisconsin",12,"2020-03-14"
"Wisconsin",16,"2020-03-21"
"Wisconsin",0,"2020-03-28"
"Wisconsin",2,"2020-04-04"
"Wisconsin",0,"2020-04-11"
"Wisconsin",2,"2020-04-25"
"Wisconsin",0,"2020-05-02"
"Wisconsin",0,"2020-05-16"
"Wisconsin",1,"2020-08-01"
"Wisconsin",0,"2020-08-08"
"Wisconsin",0,"2020-09-19"
